0,1,2,3,4,5,6,7,8,9,10,11,12,13,14,15,16,17,18,19,20,21,22,23,24,25,26,27,28,29,30,31,32,33,34,35,36,37,38,39,40,41,42,43,44,45,46,47,48,49,50,51,52,53,54,55,56,57,58,59,60,61,62,63,64,65,66,67,68,69,70,71,72,73,74,75,76,77,78,79,80,81,82,83,84,85,86,87,88,89,90,91,92,93,94,95
0.225331795,0.209463358,0.182631275,0.155222158,0.135025967,0.126370456,0.11050202,0.090882862,0.072994807,0.057414887,0.039526832,0.026832083,0.023946913,0.018465089,0.0135603,0.010098096,0.008655511,0.008655511,0.008078477,0.002308136,0,0.00577034,0.000288517,0.001731102,0.012117715,0.023658396,0.027409117,0.035487594,0.046451241,0.068955568,0.081938834,0.0949221,0.113964224,0.125793422,0.13271783,0.149740335,0.177437969,0.217830352,0.245816503,0.274956722,0.306116561,0.339296018,0.358338142,0.378822851,0.393537219,0.41084824,0.422388921,0.434506636,0.449798038,0.464512406,0.479226774,0.489901904,0.491055972,0.480380842,0.476341604,0.468263128,0.45643393,0.448066936,0.448355453,0.43796884,0.435372187,0.438834391,0.435949221,0.448355453,0.466532025,0.486728217,0.518176572,0.564050779,0.618869013,0.652914022,0.684939411,0.693306405,0.68407386,0.660415465,0.652048471,0.633871898,0.620311598,0.598384305,0.580784766,0.5542412,0.535776111,0.522792845,0.493364108,0.472590883,0.465666474,0.436814772,0.403346797,0.369301789,0.331506059,0.300634737,0.28390075,0.244950952,0.239180612,0.234564339,0.206578188,0.189267167
0.15983843,0.146855164,0.125504905,0.104731679,0.098384305,0.087709175,0.072417773,0.064627813,0.051067513,0.045297173,0.032890941,0.028563185,0.026832083,0.028274668,0.025100981,0.017311021,0.022504328,0.022215811,0.024523947,0.026832083,0.039238315,0.049336411,0.055106751,0.074148875,0.110213503,0.171090594,0.200230814,0.253029429,0.31881131,0.422677438,0.474899019,0.530582804,0.568090017,0.588863243,0.582515868,0.579630698,0.590017311,0.607039815,0.620888632,0.627236007,0.623485286,0.615983843,0.622908252,0.628390075,0.626081939,0.630698211,0.633006347,0.63271783,0.636757069,0.64050779,0.646855164,0.645701096,0.64627813,0.633871898,0.614252741,0.614252741,0.613964224,0.618869013,0.617426428,0.619446047,0.624927871,0.63271783,0.638199654,0.645124062,0.664454703,0.702250433,0.744373918,0.794864397,0.847085978,0.880265436,0.902192729,0.893248702,0.881996538,0.84881708,0.83525678,0.809290248,0.78678592,0.762261973,0.744085401,0.722446624,0.70253895,0.677726486,0.648009233,0.625216388,0.600115407,0.56491633,0.525678015,0.487016734,0.452106174,0.408251587,0.372186959,0.340738604,0.31390652,0.304385459,0.274668205,0.247547605
0.214656665,0.195614541,0.171379111,0.158972879,0.141950375,0.140796307,0.129544143,0.112521639,0.097807271,0.085978073,0.0813618,0.070686671,0.064050779,0.066358915,0.069532602,0.065204847,0.068090017,0.068955568,0.069244085,0.06491633,0.071552222,0.088286209,0.095499134,0.120600115,0.152336988,0.215233699,0.250144259,0.306693595,0.364396999,0.452971725,0.507501443,0.563185228,0.590594345,0.608770917,0.598672822,0.593479515,0.604443162,0.61915753,0.62983266,0.635603001,0.625216388,0.623485286,0.617714945,0.615695326,0.617714945,0.615983843,0.621754183,0.623773803,0.616849394,0.62406232,0.622619735,0.628101558,0.627236007,0.607039815,0.593190998,0.597807271,0.59694172,0.601269475,0.594345066,0.598672822,0.603000577,0.618003462,0.631563762,0.641950375,0.650605886,0.675995384,0.711771495,0.759376803,0.816503174,0.850836699,0.87305251,0.871609925,0.866128102,0.846797461,0.826024235,0.810732833,0.779861512,0.758222735,0.749567224,0.701961916,0.685516445,0.662723601,0.656087709,0.630986728,0.606751298,0.580207732,0.533179458,0.495960762,0.459030583,0.423542989,0.38084247,0.341892672,0.31881131,0.308424697,0.289671091,0.24610502
0.212637046,0.192729371,0.175129833,0.160992499,0.148874784,0.139353722,0.117137911,0.106462781,0.092613964,0.09203693,0.087997692,0.076168494,0.07270629,0.058280439,0.058280439,0.062608194,0.064050779,0.065204847,0.068955568,0.07270629,0.068090017,0.085978073,0.096076168,0.107328332,0.148586267,0.217541835,0.244662435,0.298038084,0.366128102,0.442008078,0.499711483,0.553375649,0.579342181,0.596653203,0.580784766,0.576457011,0.581938834,0.591171379,0.603000577,0.6084824,0.615406809,0.609347952,0.609347952,0.609347952,0.607905366,0.610790537,0.575879977,0.576745528,0.574148875,0.580784766,0.614541258,0.618869013,0.605885747,0.600692441,0.584246971,0.582515868,0.577322562,0.595787651,0.611079054,0.615406809,0.625216388,0.647143681,0.655799192,0.666762839,0.675706867,0.720427005,0.745239469,0.789671091,0.849682631,0.892960185,0.912867859,0.929601847,0.903635314,0.897576457,0.878534334,0.846508944,0.821407963,0.806982112,0.793710329,0.771206001,0.743796884,0.726197346,0.69965378,0.678880554,0.669359492,0.639353722,0.595210617,0.563185228,0.531448355,0.482111945,0.445470283,0.414310444,0.382285055,0.365551068,0.326889786,0.298038084
0.269474899,0.254472014,0.232833237,0.21321408,0.186959031,0.181765724,0.167051356,0.162723601,0.148874784,0.153491056,0.140796307,0.126081939,0.114541258,0.104731679,0.09982689,0.103289094,0.104154645,0.109924986,0.110790537,0.10559723,0.118291979,0.130698211,0.131563762,0.145412579,0.190132718,0.249855741,0.288228505,0.342758223,0.402192729,0.499422966,0.558280439,0.618291979,0.647143681,0.667916907,0.649451818,0.650317369,0.662723601,0.685227928,0.693594922,0.697057126,0.69474899,0.691286786,0.694460473,0.694171956,0.691575303,0.694460473,0.691575303,0.694460473,0.696191575,0.705712637,0.710328909,0.712925563,0.705712637,0.695614541,0.678592037,0.679746105,0.677726486,0.682342758,0.682919792,0.682342758,0.690709752,0.701961916,0.710328909,0.722158107,0.731679169,0.760530871,0.80034622,0.846220427,0.901904212,0.937680323,0.960473168,0.965954991,0.950663589,0.926139642,0.910559723,0.88661281,0.866705136,0.839873053,0.827755338,0.796595499,0.770051933,0.749855741,0.731679169,0.709174841,0.681765724,0.64339296,0.614541258,0.572129256,0.536064628,0.500288517,0.461050202,0.416330063,0.393537219,0.384881708,0.356895557,0.331217542
0.306693595,0.288517023,0.269474899,0.258511252,0.24033468,0.226485863,0.214656665,0.195903058,0.175129833,0.173398731,0.165897288,0.156664743,0.147143681,0.146566647,0.13762262,0.131275245,0.13473745,0.138199654,0.139065205,0.141950375,0.141950375,0.153779573,0.162146567,0.182342758,0.216676284,0.269474899,0.301788806,0.347085978,0.40796307,0.500865551,0.560011541,0.610213503,0.634160415,0.656664743,0.641084824,0.630409694,0.642527409,0.665031737,0.675129833,0.673110214,0.665031737,0.667339873,0.665031737,0.670225043,0.668205424,0.673110214,0.669359492,0.669359492,0.673687248,0.677149452,0.665897288,0.664454703,0.660703982,0.645124062,0.62406232,0.623485286,0.621465666,0.625793422,0.622042701,0.61915753,0.61915753,0.630121177,0.633583381,0.641084824,0.64339296,0.66762839,0.697922677,0.740911714,0.789094057,0.829774957,0.852567802,0.855741489,0.849105597,0.83525678,0.820830929,0.80525101,0.780438546,0.758222735,0.73744951,0.706578188,0.682342758,0.660415465,0.633583381,0.615983843,0.590594345,0.556837853,0.526543566,0.496826313,0.467686093,0.434506636,0.412579342,0.386901327,0.375649163,0.376803231,0.357184074,0.330351991
0.299192152,0.275245239,0.24899019,0.225620312,0.204270052,0.189555684,0.173398731,0.154645124,0.13762262,0.126658973,0.115406809,0.107039815,0.096653203,0.094345066,0.089440277,0.085689556,0.081073283,0.081073283,0.07559146,0.072129256,0.073860358,0.078188113,0.0813618,0.085112522,0.098961339,0.123485286,0.133006347,0.150894403,0.170802077,0.207732256,0.227351414,0.257357184,0.285343335,0.314195038,0.328332372,0.363819965,0.397864974,0.437103289,0.459896134,0.479226774,0.497691864,0.518176572,0.5271206,0.536064628,0.545008656,0.549336411,0.555106751,0.558280439,0.55914599,0.564627813,0.566070398,0.563762262,0.554529717,0.547316792,0.536353145,0.523081362,0.515579919,0.510098096,0.501154068,0.49711483,0.498268898,0.504904789,0.503750721,0.508944028,0.528274668,0.54356607,0.569244085,0.603289094,0.666762839,0.719272937,0.74610502,0.748413156,0.738892095,0.719849971,0.708886324,0.685804962,0.658684362,0.631563762,0.615406809,0.589728794,0.567512983,0.548182343,0.523946913,0.502308136,0.477784189,0.455568379,0.435949221,0.415464512,0.390652048,0.369878823,0.342181189,0.325735718,0.321119446,0.326024235,0.306116561,0.282458165
0.26255049,0.243508367,0.219561454,0.196480092,0.173110214,0.16474322,0.14339296,0.122331218,0.099249856,0.083669937,0.072994807,0.05914599,0.055972302,0.053375649,0.049913445,0.04356607,0.042412002,0.039815349,0.028851702,0.023369879,0.022792845,0.023369879,0.032890941,0.032602424,0.049047894,0.067512983,0.069244085,0.083958454,0.094056549,0.107039815,0.120888632,0.135891518,0.147720716,0.158684362,0.168782458,0.18897865,0.204558569,0.245239469,0.274379688,0.297172533,0.337564916,0.367570687,0.379111368,0.395556838,0.416907098,0.430178881,0.441719561,0.444604732,0.467686093,0.485285632,0.49221004,0.489613387,0.503462204,0.500865551,0.481246394,0.463358338,0.450375072,0.441431044,0.437391806,0.430178881,0.430467398,0.430467398,0.431332949,0.435949221,0.442585113,0.463935372,0.484131564,0.522504328,0.579919215,0.653491056,0.697922677,0.717541835,0.727062897,0.719272937,0.706001154,0.683785343,0.668493941,0.650317369,0.637911137,0.617426428,0.596653203,0.583092902,0.564050779,0.542700519,0.523946913,0.502019619,0.474321985,0.442585113,0.408540104,0.381130987,0.349971148,0.320542412,0.305539527,0.306405078,0.286208886,0.263416042
0.236295441,0.217253318,0.197922677,0.176860935,0.165031737,0.157530294,0.14627813,0.133294864,0.118003462,0.109636469,0.102423543,0.09203693,0.083092902,0.079053664,0.071552222,0.068090017,0.066935949,0.068378534,0.066358915,0.0678015,0.075302943,0.093768032,0.105308713,0.122042701,0.154645124,0.209463358,0.243508367,0.307559146,0.379111368,0.467686093,0.527986151,0.593479515,0.618003462,0.649451818,0.641950375,0.644835545,0.66185805,0.686381997,0.695903058,0.70542412,0.704558569,0.697345643,0.708020773,0.709174841,0.71119446,0.717830352,0.724466244,0.728793999,0.733698788,0.738315061,0.747547605,0.750432776,0.742354299,0.736295441,0.725620312,0.722446624,0.729371033,0.736583958,0.738026544,0.738315061,0.747547605,0.75678015,0.766589729,0.785920369,0.795152914,0.82458165,0.854010387,0.892671668,0.939988459,0.948932487,0.971436815,0.973456434,0.952971725,0.919215234,0.909694172,0.882862089,0.861800346,0.83525678,0.817080208,0.793710329,0.767166763,0.733698788,0.717541835,0.693017888,0.656087709,0.620888632,0.591748413,0.544720138,0.515579919,0.47576457,0.439122908,0.412002308,0.392960185,0.378534334,0.343623774,0.313040969
0.297749567,0.278418927,0.247547605,0.228216965,0.209174841,0.196480092,0.192440854,0.179457588,0.16474322,0.158684362,0.155510675,0.140219273,0.125793422,0.135025967,0.127813041,0.124927871,0.120311598,0.128390075,0.119446047,0.117714945,0.120888632,0.133583381,0.149740335,0.173687248,0.215233699,0.266589729,0.309578765,0.355741489,0.429890364,0.517311021,0.573571841,0.629255626,0.661281016,0.689267167,0.679746105,0.677437969,0.687536065,0.715522216,0.71898442,0.727639931,0.721581073,0.719272937,0.727351414,0.726485863,0.724177726,0.716964801,0.715522216,0.722735141,0.720715522,0.730525101,0.723312175,0.724754761,0.725331795,0.708886324,0.688401616,0.68609348,0.68118869,0.685227928,0.683785343,0.692729371,0.702250433,0.712925563,0.723889209,0.732256203,0.754760531,0.779572995,0.809001731,0.847374495,0.893248702,0.946912868,0.976918638,0.981246394,0.976053087,0.9593191,0.948355453,0.920080785,0.896999423,0.875649163,0.850836699,0.812175418,0.794864397,0.770917484,0.743796884,0.727639931,0.704847086,0.673398731,0.639065205,0.593479515,0.55135603,0.508944028,0.46220427,0.423542989,0.401327178,0.398730525,0.363819965,0.332083093
0.303231391,0.285631852,0.254183497,0.242642816,0.225331795,0.226485863,0.217830352,0.201961916,0.190132718,0.176860935,0.168493941,0.162435084,0.157241777,0.147432198,0.138776688,0.133871898,0.133294864,0.131275245,0.128678592,0.130698211,0.141373341,0.158684362,0.174841316,0.195614541,0.22965955,0.289671091,0.330063474,0.380265436,0.452683208,0.545008656,0.600115407,0.65118292,0.679169071,0.700807848,0.68609348,0.684939411,0.703404501,0.725908829,0.738026544,0.747836122,0.747547605,0.745527986,0.749278707,0.749278707,0.750721293,0.756491633,0.75678015,0.756491633,0.755626082,0.766878246,0.77034045,0.77322562,0.763704559,0.753606463,0.730525101,0.732256203,0.731102135,0.738315061,0.737160992,0.736295441,0.74033468,0.753029429,0.763416042,0.77813041,0.788517023,0.81390652,0.845354876,0.886324293,0.931909983,0.975187536,0.995095211,1,0.989036353,0.967109059,0.950663589,0.927582227,0.905654934,0.877091748,0.854587421,0.825447201,0.804962493,0.783035199,0.752740912,0.730525101,0.711482977,0.671667628,0.63762262,0.598095788,0.550490479,0.509809579,0.468840162,0.437391806,0.411425274,0.402192729,0.375649163,0.34593191
0.313040969,0.291402193,0.266012695,0.251298327,0.233987305,0.228793999,0.214368148,0.201961916,0.18609348,0.168493941,0.162146567,0.153202539,0.141950375,0.145989613,0.139930756,0.139930756,0.140796307,0.139642239,0.137911137,0.135891518,0.142238892,0.157241777,0.167339873,0.18897865,0.223023658,0.278707444,0.321407963,0.375072129,0.428736295,0.519619158,0.572417773,0.634160415,0.659261396,0.682054241,0.673398731,0.665031737,0.673687248,0.695614541,0.699076746,0.703693018,0.704558569,0.701961916,0.70542412,0.703404501,0.698788229,0.701096365,0.701673399,0.703981535,0.707732256,0.717541835,0.726485863,0.728505482,0.721581073,0.708886324,0.685227928,0.688113099,0.693594922,0.706866705,0.703693018,0.69474899,0.689267167,0.701673399,0.704270052,0.71119446,0.725331795,0.750144259,0.77322562,0.808424697,0.850836699,0.885747259,0.913156376,0.918926717,0.914310444,0.886035776,0.871609925,0.84881708,0.828909406,0.807559146,0.790248125,0.76457011,0.739757646,0.720715522,0.700519331,0.677149452,0.645412579,0.605885747,0.579919215,0.536353145,0.498845932,0.462781304,0.428159261,0.399884593,0.376514714,0.364396999,0.337564916,0.313329486
0.281881131,0.261396422,0.234852856,0.207443739,0.186959031,0.172533179,0.155799192,0.14339296,0.128390075,0.113098673,0.108193883,0.107039815,0.096364686,0.097518754,0.095499134,0.094056549,0.097518754,0.099249856,0.099538373,0.093190998,0.106174264,0.11338719,0.125793422,0.146566647,0.180611656,0.245239469,0.278707444,0.317945759,0.383150606,0.474321985,0.517888055,0.583669937,0.607039815,0.615695326,0.595787651,0.592902481,0.59982689,0.617714945,0.628678592,0.630986728,0.623485286,0.621177149,0.62694749,0.628678592,0.592613964,0.594633583,0.632429313,0.635314484,0.626658973,0.627813041,0.623773803,0.623196769,0.620600115,0.604731679,0.596364686,0.592325447,0.58626659,0.587132141,0.581073283,0.569244085,0.57270629,0.578765147,0.592902481,0.588574726,0.597230237,0.612810156,0.630121177,0.669070975,0.70830929,0.758511252,0.796595499,0.807270629,0.809578765,0.797749567,0.78101558,0.758799769,0.734275822,0.717541835,0.692729371,0.666762839,0.63473745,0.603866128,0.586843624,0.564627813,0.551933064,0.517311021,0.484997115,0.452394691,0.423254472,0.398442008,0.366416619,0.336987882,0.334968263,0.33237161,0.306405078,0.286497403
0.256203116,0.235141373,0.212348529,0.188401616,0.178592037,0.169648009,0.163300635,0.148009233,0.130986728,0.125216388,0.104731679,0.085978073,0.077611079,0.070975188,0.062608194,0.058568956,0.057703405,0.057991922,0.056549336,0.049624928,0.048759377,0.053664166,0.046739758,0.061742643,0.07847663,0.101269475,0.104154645,0.117426428,0.136757069,0.169070975,0.195037507,0.222446624,0.250144259,0.268609348,0.28880554,0.325158684,0.362954414,0.402192729,0.425562608,0.453260242,0.469128679,0.480669359,0.490190421,0.498557415,0.502596653,0.518176572,0.533179458,0.53779573,0.551067513,0.550778996,0.549336411,0.553375649,0.531448355,0.517311021,0.504616272,0.496826313,0.487016734,0.472302366,0.463646855,0.453548759,0.456145413,0.458453549,0.458742066,0.465377957,0.471148298,0.485285632,0.514137334,0.544720138,0.595210617,0.657818811,0.696480092,0.710905943,0.708886324,0.697345643,0.701096365,0.678015003,0.665897288,0.636468552,0.611944605,0.581073283,0.556549336,0.526543566,0.50288517,0.475187536,0.454125793,0.430178881,0.416907098,0.40017311,0.371609925,0.349105597,0.337276399,0.310155799,0.302077323,0.31102135,0.30236584,0.283612233
0.259088286,0.241777265,0.214945182,0.196480092,0.173975765,0.169359492,0.147432198,0.130121177,0.11915753,0.107905366,0.095787651,0.084246971,0.078765147,0.07270629,0.068378534,0.062319677,0.060300058,0.053087132,0.051933064,0.049047894,0.047605309,0.049913445,0.04356607,0.048759377,0.058568956,0.068090017,0.069244085,0.0813618,0.085401039,0.109924986,0.117137911,0.145701096,0.151471437,0.148874784,0.174552799,0.209751875,0.252740912,0.288228505,0.32169648,0.345354876,0.370455857,0.400461627,0.414598961,0.42729371,0.442296595,0.449509521,0.450663589,0.459030583,0.469417196,0.495960762,0.495672245,0.495672245,0.505193306,0.509232545,0.499134449,0.489036353,0.485574149,0.471436815,0.458165032,0.462781304,0.45152914,0.455856896,0.46508944,0.466820542,0.474899019,0.491633006,0.512983266,0.542700519,0.578765147,0.639930756,0.700230814,0.724754761,0.735141373,0.724466244,0.71321408,0.695903058,0.682054241,0.665320254,0.642815926,0.630409694,0.606462781,0.591171379,0.570975188,0.553087132,0.534622043,0.51067513,0.479803808,0.445181766,0.411425274,0.384304674,0.355164455,0.32169648,0.312752452,0.308713214,0.281881131,0.257068667
0.231967686,0.209751875,0.186959031,0.170802077,0.157530294,0.144547028,0.135891518,0.12694749,0.113964224,0.104731679,0.097518754,0.091171379,0.082804385,0.077899596,0.080784766,0.074725909,0.075879977,0.078188113,0.077034045,0.077611079,0.085978073,0.101846509,0.109347952,0.128101558,0.168493941,0.227928448,0.266301212,0.323427582,0.390940565,0.48355453,0.545297173,0.598095788,0.627524524,0.642527409,0.63473745,0.635603001,0.656664743,0.680900173,0.698788229,0.703981535,0.705135603,0.69965378,0.70830929,0.710040392,0.707443739,0.702250433,0.701673399,0.696191575,0.691575303,0.702250433,0.706001154,0.704558569,0.685516445,0.668205424,0.645701096,0.644258511,0.637334103,0.64339296,0.645412579,0.64627813,0.644835545,0.663012118,0.674552799,0.687824582,0.701384882,0.722446624,0.749855741,0.783612233,0.813329486,0.867859204,0.923542989,0.941431044,0.933064051,0.918349683,0.89728794,0.881130987,0.849971148,0.828620889,0.812175418,0.790248125,0.770051933,0.740046163,0.710617426,0.691575303,0.661281016,0.630698211,0.590882862,0.552510098,0.510963647,0.472013849,0.429313329,0.386901327,0.363819965,0.359780727,0.336410848,0.30813618
0.272937103,0.255914599,0.23744951,0.220427005,0.199076746,0.198211194,0.18118869,0.165031737,0.151471437,0.142815926,0.13762262,0.131563762,0.120600115,0.116849394,0.113098673,0.103289094,0.108193883,0.105020196,0.100980958,0.102135026,0.114252741,0.118003462,0.128967109,0.153202539,0.185227928,0.231390652,0.286497403,0.34881708,0.416907098,0.507501443,0.566935949,0.622042701,0.645412579,0.668493941,0.658107328,0.648586267,0.669648009,0.698211194,0.694171956,0.709463358,0.715810733,0.712060012,0.711482977,0.70830929,0.712925563,0.711771495,0.710328909,0.694460473,0.697345643,0.71609925,0.712925563,0.715522216,0.705135603,0.685804962,0.65983843,0.662146567,0.64627813,0.668782458,0.672244662,0.660415465,0.667916907,0.683208309,0.698788229,0.697345643,0.719272937,0.747259088,0.768609348,0.80236584,0.834102712,0.896710906,0.941142527,0.966532025,0.957299481,0.936237738,0.922677438,0.905654934,0.891806117,0.86237738,0.850548182,0.823716099,0.804673976,0.765724178,0.742354299,0.722158107,0.695614541,0.676283901,0.634448932,0.591171379,0.551644547,0.515291402,0.467974611,0.439122908,0.405943451,0.403346797,0.367570687,0.344489325
0.317945759,0.288228505,0.269763416,0.241777265,0.219849971,0.218695903,0.199365263,0.185227928,0.174264282,0.173975765,0.166474322,0.152914022,0.145701096,0.144258511,0.146566647,0.143104443,0.139353722,0.135891518,0.136180035,0.139930756,0.147143681,0.163012118,0.169359492,0.194171956,0.223312175,0.285631852,0.324004616,0.379976919,0.442585113,0.545874207,0.60559723,0.664454703,0.680323139,0.684362377,0.675706867,0.681765724,0.704558569,0.726485863,0.735141373,0.747547605,0.749855741,0.751298327,0.759376803,0.757068667,0.749855741,0.753029429,0.753029429,0.75100981,0.754760531,0.755626082,0.758222735,0.752452395,0.747836122,0.771206001,0.771206001,0.771206001,0.771206001,0.771206001,0.771206001,0.771206001,0.771206001,0.698499711,0.697345643,0.697345643,0.731102135,0.747547605,0.747547605,0.782458165,0.816503174,0.816503174,0.816503174,0.989036353,0.995095211,0.994806694,0.97576457,0.97576457,0.946047317,0.946047317,0.946047317,0.946047317,0.787074437,0.809290248,0.788228505,0.75966532,0.742931333,0.706001154,0.663300635,0.628967109,0.588286209,0.550201962,0.508655511,0.470571264,0.450375072,0.444893249,0.412867859,0.379688402
0.342758223,0.31881131,0.298038084,0.275822274,0.256203116,0.252163878,0.234564339,0.219272937,0.206289671,0.203981535,0.186381997,0.186381997,0.178592037,0.171956145,0.162146567,0.157818811,0.158684362,0.15695326,0.153779573,0.159261396,0.169648009,0.190421235,0.19763416,0.218118869,0.251875361,0.306405078,0.346508944,0.395268321,0.461050202,0.555972302,0.605020196,0.658972879,0.688113099,0.695903058,0.690421235,0.704558569,0.716387767,0.74899019,0.765435661,0.765724178,0.770051933,0.754472014,0.76255049,0.763704559,0.766878246,0.766012695,0.759376803,0.766589729,0.764281593,0.771206001,0.77034045,0.775533756,0.773802654,0.761684939,0.74321985,0.735718407,0.72965955,0.73744951,0.74033468,0.741777265,0.740911714,0.754760531,0.763127525,0.761684939,0.774379688,0.791113676,0.813040969,0.841315638,0.874206578,0.922965955,0.961915753,0.974899019,0.976630121,0.96508944,0.94864397,0.935660704,0.914887478,0.892383151,0.869590306,0.852567802,0.826601269,0.79746105,0.772937103,0.754760531,0.731390652,0.695037507,0.655222158,0.612233122,0.570686671,0.528851702,0.488747836,0.450086555,0.431332949,0.428447778,0.404789383,0.368724755
0.334968263,0.318522793,0.301500289,0.280150029,0.261973456,0.255914599,0.250721293,0.241200231,0.234564339,0.222735141,0.211482977,0.19965378,0.189267167,0.174552799,0.171667628,0.169936526,0.173110214,0.171090594,0.166474322,0.166474322,0.175129833,0.185804962,0.193306405,0.209174841,0.248413156,0.304673976,0.348240046,0.394114253,0.455279862,0.557991922,0.611944605,0.671956145,0.687824582,0.704558569,0.699076746,0.700807848,0.724466244,0.739757646,0.751586844,0.761396422,0.758799769,0.755049048,0.749278707,0.745527986,0.742931333,0.741488748,0.742931333,0.730525101,0.731390652,0.728505482,0.730525101,0.722158107,0.710617426,0.680034622,0.663877669,0.658107328,0.657530294,0.653491056,0.653491056,0.656376226,0.642527409,0.640219273,0.645989613,0.649740335,0.657241777,0.671956145,0.693883439,0.716387767,0.753029429,0.796595499,0.854010387,0.894691287,0.907674553,0.899307559,0.88949798,0.872475476,0.850259665,0.829774957,0.810444316,0.793998846,0.763993076,0.731967686,0.701961916,0.682919792,0.662723601,0.627236007,0.605308713,0.577034045,0.542700519,0.510098096,0.478938257,0.453260242,0.438834391,0.442296595,0.413444893,0.388055395
0.36237738,0.334968263,0.308424697,0.27322562,0.250432776,0.241200231,0.229948067,0.214656665,0.195326024,0.184362377,0.174552799,0.163300635,0.148874784,0.142527409,0.138199654,0.135603001,0.13271783,0.131852279,0.12406232,0.123485286,0.124927871,0.130121177,0.12983266,0.136180035,0.149740335,0.173110214,0.187536065,0.208020773,0.231390652,0.269186382,0.292556261,0.327755338,0.341892672,0.358338142,0.390652048,0.430467398,0.473744951,0.519042123,0.547893826,0.565781881,0.584246971,0.596364686,0.609059435,0.613964224,0.616849394,0.616560877,0.612810156,0.607905366,0.605885747,0.605885747,0.603289094,0.602423543,0.590305828,0.582227351,0.568667051,0.557991922,0.542989036,0.536930179,0.533467975,0.527986151,0.523946913,0.528851702,0.526255049,0.529428736,0.539526832,0.559434507,0.574148875,0.589440277,0.606751298,0.637911137,0.697345643,0.778418927,0.764858627,0.748413156,0.736872475,0.741200231,0.740046163,0.715233699,0.690709752,0.667051356,0.639642239,0.614829775,0.587997692,0.570686671,0.548182343,0.523658396,0.50288517,0.477495672,0.451817657,0.430755915,0.40305828,0.379976919,0.37593768,0.376514714,0.356030006,0.333525678
0.310732833,0.289094057,0.266589729,0.245816503,0.222735141,0.21609925,0.199942297,0.185227928,0.172821696,0.158107328,0.145989613,0.128967109,0.123485286,0.115695326,0.106751298,0.098384305,0.091748413,0.091748413,0.086843624,0.090594345,0.091459896,0.100980958,0.103000577,0.107905366,0.114829775,0.130986728,0.133583381,0.128967109,0.136468552,0.15695326,0.16474322,0.182919792,0.184362377,0.194171956,0.209751875,0.242065782,0.276110791,0.316214657,0.345066359,0.375072129,0.396710906,0.430755915,0.449509521,0.463935372,0.477495672,0.495672245,0.499134449,0.51067513,0.532602424,0.555683785,0.562896711,0.581650317,0.579919215,0.57270629,0.564339296,0.558568956,0.540969417,0.533467975,0.532313907,0.522215811,0.517599538,0.506347374,0.507501443,0.506924409,0.519907675,0.544720138,0.569821119,0.588286209,0.626081939,0.664454703,0.711771495,0.736583958,0.739757646,0.729948067,0.724177726,0.716964801,0.698788229,0.676283901,0.655222158,0.643681477,0.618869013,0.604154645,0.583669937,0.558568956,0.536930179,0.52423543,0.493075591,0.451817657,0.411713791,0.374783612,0.344489325,0.303808425,0.293710329,0.29169071,0.271494518,0.257934218
0.233121754,0.210328909,0.18407386,0.167051356,0.154933641,0.148874784,0.14050779,0.127236007,0.114252741,0.103577611,0.098384305,0.086843624,0.079630698,0.078765147,0.068955568,0.073860358,0.074725909,0.08338142,0.067512983,0.069821119,0.077611079,0.090017311,0.10559723,0.145989613,0.167339873,0.224177726,0.262261973,0.313618003,0.377380265,0.472590883,0.523369879,0.586555107,0.595210617,0.611656088,0.601557992,0.610213503,0.626081939,0.641950375,0.655222158,0.659261396,0.656664743,0.658395845,0.663589152,0.66474322,0.66474322,0.665608771,0.663589152,0.665897288,0.668493941,0.677149452,0.671379111,0.673110214,0.665897288,0.649163301,0.629255626,0.62406232,0.620600115,0.626370456,0.627524524,0.617714945,0.620311598,0.630986728,0.635314484,0.646855164,0.657530294,0.677149452,0.703981535,0.729948067,0.76255049,0.802077323,0.86526255,0.915464512,0.924120023,0.912290825,0.901615695,0.878534334,0.859780727,0.839007501,0.814483555,0.800634737,0.772937103,0.742931333,0.717541835,0.694171956,0.674552799,0.633583381,0.593479515,0.556260819,0.526255049,0.480669359,0.438834391,0.395556838,0.369590306,0.37593768,0.347951529,0.313329486
0.28101558,0.261107905,0.241488748,0.224754761,0.218407386,0.201673399,0.186670514,0.176283901,0.167051356,0.163877669,0.151759954,0.139930756,0.137911137,0.136757069,0.127524524,0.121754183,0.121465666,0.127524524,0.116560877,0.113964224,0.125504905,0.14339296,0.160415465,0.17830352,0.198788229,0.261684939,0.30034622,0.357184074,0.425851125,0.523081362,0.56491633,0.631275245,0.644547028,0.649740335,0.641373341,0.652048471,0.662723601,0.679457588,0.689267167,0.702250433,0.705135603,0.70542412,0.712348529,0.716387767,0.71898442,0.725331795,0.717830352,0.714079631,0.720715522,0.738603578,0.73542989,0.740911714,0.73542989,0.723312175,0.695903058,0.700807848,0.698211194,0.697057126,0.688401616,0.674264282,0.672244662,0.681477207,0.695037507,0.706578188,0.712060012,0.741777265,0.751298327,0.774668205,0.793133295,0.819388344,0.871609925,0.893825736,0.895556838,0.886901327,0.868724755,0.839007501,0.819388344,0.803231391,0.777841893,0.741200231,0.721581073,0.698499711,0.67541835,0.646566647,0.626081939,0.592902481,0.563762262,0.525678015,0.481534911,0.436237738,0.405943451,0.369301789,0.351413733,0.345066359,0.311886901,0.279284478
0.249278707,0.234275822,0.210040392,0.199942297,0.177726486,0.174841316,0.171379111,0.158395845,0.149451818,0.149451818,0.138199654,0.130986728,0.123196769,0.118003462,0.100692441,0.100403924,0.111656088,0.104731679,0.103866128,0.115695326,0.116560877,0.131275245,0.13762262,0.147720716,0.191286786,0.257357184,0.292267744,0.344200808,0.411425274,0.505481823,0.556549336,0.607905366,0.611944605,0.618291979,0.609636469,0.614541258,0.629544143,0.64339296,0.652336988,0.659261396,0.665608771,0.665320254,0.670802077,0.664166186,0.654356607,0.650028852,0.655510675,0.641373341,0.642238892,0.633294864,0.641950375,0.644835545,0.632429313,0.617714945,0.601846509,0.598672822,0.600692441,0.605885747,0.601557992,0.603000577,0.607039815,0.626658973,0.632429313,0.64627813,0.656087709,0.675129833,0.698499711,0.727062897,0.768320831,0.814772072,0.866128102,0.898730525,0.903635314,0.888920946,0.878245817,0.85170225,0.832948644,0.800634737,0.780438546,0.761396422,0.752163878,0.738026544,0.718407386,0.701096365,0.677149452,0.636757069,0.593768032,0.55135603,0.518176572,0.478361223,0.448932487,0.40796307,0.371032891,0.371032891,0.341027121,0.312752452
0.288517023,0.280727063,0.262839008,0.23744951,0.226197346,0.209463358,0.190709752,0.175995384,0.169359492,0.174264282,0.157530294,0.152914022,0.144835545,0.142527409,0.131275245,0.129255626,0.127524524,0.124350837,0.125793422,0.11627236,0.123485286,0.128967109,0.141661858,0.171379111,0.201384882,0.263416042,0.293710329,0.350548182,0.406520485,0.498557415,0.562608194,0.621754183,0.630986728,0.645412579,0.632140796,0.623773803,0.63762262,0.650605886,0.659261396,0.663012118,0.652625505,0.642238892,0.644835545,0.650605886,0.646566647,0.645989613,0.641373341,0.647143681,0.644258511,0.644547028,0.646566647,0.633294864,0.63473745,0.624350837,0.609924986,0.607616849,0.616849394,0.61050202,0.602135026,0.612233122,0.619734564,0.637911137,0.657241777,0.665320254,0.669070975,0.690709752,0.714368148,0.742065782,0.763127525,0.793421812,0.851125216,0.878534334,0.891806117,0.886324293,0.880265436,0.865839585,0.837276399,0.822850548,0.815349106,0.802654357,0.773514137,0.757645701,0.736006924,0.708597807,0.684362377,0.637334103,0.605885747,0.565493364,0.523369879,0.480092325,0.457299481,0.42440854,0.400750144,0.386324293,0.369878823,0.343623774
0.313040969,0.284766301,0.25389498,0.229948067,0.208886324,0.203404501,0.192152337,0.177437969,0.16474322,0.154645124,0.144547028,0.139065205,0.129255626,0.128101558,0.123485286,0.122619735,0.120311598,0.123196769,0.123196769,0.123485286,0.130986728,0.14339296,0.150605886,0.179457588,0.206578188,0.269763416,0.299480669,0.346797461,0.421234853,0.52423543,0.585112522,0.632140796,0.64050779,0.65695326,0.656087709,0.654933641,0.675129833,0.687824582,0.693017888,0.702250433,0.685804962,0.673687248,0.670802077,0.677149452,0.670225043,0.672533179,0.673110214,0.676860935,0.672821696,0.670225043,0.66185805,0.660703982,0.649740335,0.634448932,0.613098673,0.616560877,0.613964224,0.632429313,0.625504905,0.622331218,0.621177149,0.633006347,0.638199654,0.641661858,0.637334103,0.655510675,0.671090594,0.692440854,0.713502597,0.74610502,0.783323716,0.833814195,0.847374495,0.840738604,0.844489325,0.828332372,0.805828044,0.798326601,0.774956722,0.751875361,0.715233699,0.695903058,0.678880554,0.650605886,0.626370456,0.588863243,0.55712637,0.521638777,0.48932487,0.461338719,0.429890364,0.407097519,0.396999423,0.4050779,0.386901327,0.374783612
0.34593191,0.317945759,0.290825159,0.27322562,0.260819388,0.243796884,0.223600692,0.208020773,0.195326024,0.184939411,0.175706867,0.158972879,0.145701096,0.136468552,0.132140796,0.128101558,0.128967109,0.126370456,0.119734564,0.117137911,0.116560877,0.12406232,0.125793422,0.131563762,0.145989613,0.157530294,0.170225043,0.186959031,0.218695903,0.259953837,0.291402193,0.315060589,0.321984997,0.344200808,0.37016734,0.414598961,0.453260242,0.480092325,0.503750721,0.521638777,0.52423543,0.531159838,0.523946913,0.551067513,0.543277553,0.54847086,0.551933064,0.537218696,0.53779573,0.548759377,0.54356607,0.529717253,0.520773226,0.511829198,0.505481823,0.490767455,0.486728217,0.470859781,0.452683208,0.442585113,0.438834391,0.449798038,0.447489902,0.446335834,0.457299481,0.478072706,0.508944028,0.536641662,0.55914599,0.593479515,0.634160415,0.691575303,0.715522216,0.713502597,0.708020773,0.700519331,0.679746105,0.649740335,0.620600115,0.604443162,0.572994807,0.551644547,0.53000577,0.515291402,0.496537796,0.469417196,0.446335834,0.428159261,0.405654934,0.379976919,0.360357761,0.336699365,0.333814195,0.336987882,0.321407963,0.296306982
0.272937103,0.253317946,0.231967686,0.202827467,0.187536065,0.177726486,0.160415465,0.153491056,0.139642239,0.128390075,0.115118292,0.111656088,0.104731679,0.099538373,0.092325447,0.09694172,0.09203693,0.093190998,0.083092902,0.082804385,0.07559146,0.084535488,0.080784766,0.084246971,0.091748413,0.102423543,0.106462781,0.11050202,0.130121177,0.140796307,0.158107328,0.173687248,0.169936526,0.183208309,0.212637046,0.24321985,0.266878246,0.30034622,0.324004616,0.362665897,0.382573572,0.404789383,0.414598961,0.431909983,0.437103289,0.457587998,0.455568379,0.458165032,0.468263128,0.495960762,0.502308136,0.512694749,0.520484709,0.523081362,0.510963647,0.504039238,0.492498557,0.489613387,0.492787074,0.483266013,0.472590883,0.462492787,0.464800923,0.472590883,0.471436815,0.494518177,0.519907675,0.534622043,0.559434507,0.611944605,0.665031737,0.717541835,0.749278707,0.751875361,0.740046163,0.724754761,0.705135603,0.69186382,0.673110214,0.654933641,0.622908252,0.611656088,0.590882862,0.563185228,0.549336411,0.514714368,0.488170802,0.448066936,0.408540104,0.372763993,0.341315638,0.320253895,0.306982112,0.298615118,0.267743797,0.247259088
0.234564339,0.225620312,0.195903058,0.173687248,0.151471437,0.141084824,0.130986728,0.133294864,0.120888632,0.11627236,0.10559723,0.096076168,0.085689556,0.087420658,0.089440277,0.081073283,0.084824005,0.091459896,0.087132141,0.08915176,0.095499134,0.106751298,0.114829775,0.139930756,0.174841316,0.236872475,0.270051933,0.321407963,0.398730525,0.48932487,0.55135603,0.590305828,0.606751298,0.622619735,0.614829775,0.621754183,0.644835545,0.670802077,0.676572418,0.680034622,0.677149452,0.671956145,0.675129833,0.671956145,0.67051356,0.668493941,0.665897288,0.665031737,0.658972879,0.668205424,0.668782458,0.670225043,0.65983843,0.648586267,0.624639354,0.616849394,0.618003462,0.626658973,0.622619735,0.623773803,0.625504905,0.635025967,0.647143681,0.653202539,0.660992499,0.684362377,0.698211194,0.722158107,0.742065782,0.774668205,0.811309867,0.847951529,0.885458742,0.873918061,0.86526255,0.836122331,0.819676861,0.793998846,0.773514137,0.75966532,0.742642816,0.715233699,0.687247548,0.669070975,0.651471437,0.624927871,0.574725909,0.531159838,0.488170802,0.446335834,0.414310444,0.367570687,0.34881708,0.356030006,0.325735718,0.307270629
